<?xml version="1.0" encoding="UTF-8"?>
<beans:beans xmlns="http://www.springframework.org/schema/security"
	xmlns:xsi="http://www.w3.org/2001/XMLSchema-instance" xmlns:beans="http://www.springframework.org/schema/beans"
	xmlns:sec="http://www.springframework.org/schema/security"
	xmlns:context="http://www.springframework.org/schema/context"
	xmlns:p="http://www.springframework.org/schema/p"
	xsi:schemaLocation="
      http://www.springframework.org/schema/security
      http://www.springframework.org/schema/security/spring-security-4.0.xsd
      http://www.springframework.org/schema/beans
      http://www.springframework.org/schema/beans/spring-beans-4.0.xsd
      http://www.springframework.org/schema/context
	  http://www.springframework.org/schema/context/spring-context-4.0.xsd">

	<sec:http auto-config="true" use-expressions="true">
		<sec:form-login login-page="/login"
			login-processing-url="/authenticateUser" default-target-url="/welcome"
			authentication-failure-url="/login" username-parameter="username"
			password-parameter="password" />
			
		<sec:access-denied-handler error-page="/jsp/403.jsp" />
		
		
		<sec:intercept-url pattern="/login" access="permitAll" />
		
		<sec:intercept-url pattern="/**" access="hasAuthority('AUTH_USER')" />
		
		<sec:session-management invalid-session-url="/login" />
		<sec:logout delete-cookies="JSESSIONID" logout-url="/logout" />
	</sec:http>

	<context:component-scan base-package="com.jcg.examples" />

	<sec:authentication-manager>
		<authentication-provider ref="customAuthenticationProvider" />
	</sec:authentication-manager>
	
	 <!--
    |
    |  REDIS
    |
    -->
    <beans:bean id="stringSerializer" class="org.springframework.data.redis.serializer.StringRedisSerializer"/>

    <beans:bean id="redisConnectionFactory" class="org.springframework.data.redis.connection.jedis.JedisConnectionFactory" p:host-name="172.21.140.54" p:port="6379" />
  	<beans:bean class="org.springframework.session.data.redis.config.annotation.web.http.RedisHttpSessionConfiguration"/>
    <!-- redis template definition -->
    <beans:bean id="redisTemplate" class="org.springframework.data.redis.core.RedisTemplate" p:connection-factory-ref="redisConnectionFactory">
        <beans:property name="keySerializer" ref="stringSerializer"/>
        <beans:property name="valueSerializer" ref="stringSerializer"/>
    </beans:bean>

</beans:beans>